query_idx,query,sentence_idx,sentence,sf,gamma_decision,label
1,How does HyDE improve retrieval-augmented generation for academic papers?,1,HyDE enhances retrieval-augmented generation (RAG) for academic papers by adopting a heterogeneous approach to knowledge representation during retrieval and generation phases.,0.1602,escalate,uncertain
1,How does HyDE improve retrieval-augmented generation for academic papers?,2,"This decoupling allows the use of short, contextually rich knowledge chunks to improve the retrieval accuracy while simultaneously addressing the specific requirements of the generation process [2403.15450v1] [2602.07739v2].",0.5078,approve,hallucinated
1,How does HyDE improve retrieval-augmented generation for academic papers?,3,"Additionally, the framework incorporates an adaptive prompt tuning method, which tailors the retrieval model for better alignment with the needs of the generation step, thereby improving the efficiency of the overall process [2403.15450v1].",0.3257,approve,hallucinated
1,How does HyDE improve retrieval-augmented generation for academic papers?,4,"By minimizing the semantic gap between large language models (LLMs) and retrievers, HyDE ensures that the information retrieved is more relevant and better integrated into the generation phase, thus enhancing the coherence and factual consistency of the output [2207.03030v1] [2606.28358v1].",0.4196,approve,hallucinated
1,How does HyDE improve retrieval-augmented generation for academic papers?,5,"Furthermore, frameworks like LoRAG highlight the importance of iterative refinement in RAG, demonstrating that continued engagement with retrieved information can further elevate the quality of generated text [2411.16133v2].",0.1085,escalate,hallucinated
1,How does HyDE improve retrieval-augmented generation for academic papers?,6,"Overall, these innovations suggest that HyDE significantly advances the capabilities of RAG systems in producing high-quality academic content [2403.15450v1] [2411.16133v2].",0.0027,reject,hallucinated
2,What is the attention mechanism in transformer models?,1,The attention mechanism in transformer models is a critical component that allows the model to weigh the importance of different tokens in the input sequence when generating outputs.,0.2051,escalate,correct
2,What is the attention mechanism in transformer models?,2,"This mechanism operates by distributing attention across various tokens, enabling the model to focus on relevant parts of the input while ignoring less pertinent information [2411.09111v8].",0.1217,escalate,uncertain
2,What is the attention mechanism in transformer models?,3,"Recent advancements have introduced sparse attention mechanisms, which optimize the attention process by concentrating on a limited number of relevant tokens, thereby reducing computational costs and improving efficiency [2604.10697v1] [2311.04589v3].",0.6485,approve,hallucinated
2,What is the attention mechanism in transformer models?,4,"Additionally, attention sinks have been identified as significant indicators of model behavior, particularly in detecting hallucinations, as they highlight tokens that receive disproportionate attention during generation [2501.09997v3].",0.0026,reject,hallucinated
2,What is the attention mechanism in transformer models?,5,"The interplay between attention mechanisms and chain-of-thought reasoning has also been explored, revealing that these mechanisms can enhance the expressivity and performance of transformers in complex reasoning tasks [2312.12141v4].",0.3538,approve,hallucinated
2,What is the attention mechanism in transformer models?,6,"Overall, the attention mechanism is fundamental to the functionality of transformer models, influencing both their performance and computational efficiency [2312.00249v2] [2411.16133v2].",0.034,reject,hallucinated
3,How does chain of thought reasoning improve language model performance?,1,"Chain of Thought (CoT) reasoning enhances language model performance by encouraging step-by-step logical reasoning, which significantly improves the ability to tackle complex tasks [2406.09136v2] [2509.00190v2].",0.0483,reject,uncertain
3,How does chain of thought reasoning improve language model performance?,2,"This method allows models to generate a series of intermediate reasoning steps, leading to better performance on various reasoning benchmarks, including arithmetic and commonsense tasks [2509.00190v2].",0.0756,escalate,hallucinated
3,How does chain of thought reasoning improve language model performance?,3,"Additionally, the introduction of frameworks like Flow Chain of Thought (Flow CoT) enables recursive inference, refining cognitive states across iterations without the need for extensive pretraining [2406.09136v2].",0.0169,reject,hallucinated
3,How does chain of thought reasoning improve language model performance?,4,"Furthermore, leveraging reasoning patterns can enhance CoT prompting by selecting diverse demonstrations that mitigate noise and improve interpretability [2502.12134v2].",0.468,approve,hallucinated
3,How does chain of thought reasoning improve language model performance?,5,"The effectiveness of CoT is also supported by the Representation-of-Thought (RoT) framework, which enhances robustness and control over the reasoning process [2407.03600v2].",0.0109,reject,hallucinated
3,How does chain of thought reasoning improve language model performance?,6,"Lastly, contrastive chain-of-thought prompting introduces both valid and invalid reasoning demonstrations, guiding models to avoid mistakes and improve generalization [2506.03673v1].",0.3281,approve,hallucinated
3,How does chain of thought reasoning improve language model performance?,7,"Overall, these advancements illustrate how structured reasoning paradigms can significantly elevate the reasoning capabilities of language models [2201.11903v6] [2404.14812v2].",0.8623,approve,correct
4,What methods are used to detect hallucinations in language models?,1,"Various methods have been developed to detect hallucinations in language models (LLMs), each addressing distinct aspects of this challenge.",0.2492,escalate,correct
4,What methods are used to detect hallucinations in language models?,2,"For instance, FG-PRM categorizes hallucinations into types and implements a fine-grained detection mechanism that evaluates each reasoning step, thus enhancing understanding and mitigation of the issue [2502.13622v2].",0.0082,reject,hallucinated
4,What methods are used to detect hallucinations in language models?,3,"In parallel, the Chain of Natural Language Inference (CoNLI) framework offers an effective method for detecting ungrounded hallucinations while improving text quality through post-editing techniques, showcasing its plug-and-play capability in real-world applications [2508.01862v1].",0.0179,reject,hallucinated
4,What methods are used to detect hallucinations in language models?,4,"Alternatively, the HIDE method employs a statistical approach that analyzes the decoupling of internal representations to detect hallucinations efficiently, achieving notable performance improvements over traditional multi-pass methods [2506.17748v1].",0.0216,reject,correct
4,What methods are used to detect hallucinations in language models?,5,"Additionally, the MIND framework utilizes the internal states of LLMs for real-time hallucination detection, which allows for unsupervised operation without the need for extensive manual data labeling [2401.06855v4].",0.0011,reject,hallucinated
4,What methods are used to detect hallucinations in language models?,6,"The theoretical exploration of hallucination detection frameworks highlights the necessity of expert-labeled examples to enhance the reliability of detection systems, indicating that such feedback substantially improves performance [2504.17004v2].",0.3385,approve,correct
4,What methods are used to detect hallucinations in language models?,7,"Lastly, the Hughes Hallucination Evaluation Model (HHEM) exemplifies a lightweight classification method that not only improves efficiency but also maintains high detection accuracy across a variety of tasks [2409.11353v3].",0.037,reject,hallucinated
4,What methods are used to detect hallucinations in language models?,8,"Together, these approaches illustrate a comprehensive strategy for tackling the complexities of hallucination detection in LLMs.",0.1426,escalate,correct
5,How does dense passage retrieval compare to BM25 for open-domain QA?,1,Dense passage retrieval (DPR) has shown significant advantages over traditional methods like BM25 in open-domain question answering.,0.3449,approve,correct
5,How does dense passage retrieval compare to BM25 for open-domain QA?,2,"The use of contextualized language models in dense retrieval allows for improved search effectiveness, particularly when comparing the performance of dense retrieval methods against BM25 baselines [2108.06279v2].",0.5456,approve,correct
5,How does dense passage retrieval compare to BM25 for open-domain QA?,3,"Research indicates that dense retrieval models, especially those utilizing multiple representations, can outperform BM25, particularly for complex queries and those that are challenging for BM25 to handle [2108.06279v2].",0.2617,approve,correct
5,How does dense passage retrieval compare to BM25 for open-domain QA?,4,"Furthermore, dense retrieval approaches, such as the Mixture-of-Experts framework in DESIRE-ME, have demonstrated enhanced adaptability and performance across diverse query types, achieving notable improvements in metrics like NDCG@10 and P@1 compared to traditional methods [2601.06196v3] [2410.14609v2].",0.484,approve,hallucinated
5,How does dense passage retrieval compare to BM25 for open-domain QA?,5,"However, it is important to note that dense retrieval models can struggle with noisy input, which may affect their performance relative to BM25 in real-world applications [2411.16133v2].",0.0119,reject,uncertain
5,How does dense passage retrieval compare to BM25 for open-domain QA?,6,"Overall, while BM25 remains a robust baseline, the advancements in dense passage retrieval highlight its growing importance and effectiveness in the field of open-domain QA [2108.06279v2] [2601.06196v3].",0.2004,escalate,hallucinated
6,What is retrieval-augmented generation and how does it work?,1,"Retrieval-augmented generation (RAG) is a technique designed to enhance large language models (LLMs) by integrating external knowledge in real-time during text generation, thereby addressing issues like hallucinations and factual inaccuracies [2406.13249v2] [2411.16133v2].",0.0029,reject,correct
6,What is retrieval-augmented generation and how does it work?,2,"The RAG process typically involves retrieving relevant knowledge chunks before they are incorporated into the generation phase, although the effectiveness of this method heavily relies on the quality and specificity of the input query, as even small changes can significantly impact retrieval accuracy [2406.13249v2] [2504.10529v1].",0.0507,escalate,uncertain
6,What is retrieval-augmented generation and how does it work?,3,"Traditional RAG systems face limitations, such as treating knowledge chunks uniformly for both retrieval and generation, which can reduce efficiency and effectiveness [2504.10529v1].",0.005,reject,correct
6,What is retrieval-augmented generation and how does it work?,4,"Newer frameworks, like RÂ²AG, aim to mitigate these issues by incorporating nuanced retrieval features to create a more coherent generation process, ultimately bridging gaps between LLMs and the information retrieved [2309.15217v2].",0.2718,approve,hallucinated
6,What is retrieval-augmented generation and how does it work?,5,"Moreover, active retrieval strategies, such as FLARE, allow models to continually gather relevant information during text generation, enhancing the performance for more complex tasks that require sustained knowledge integration [2406.16167v1].",0.2306,escalate,hallucinated
6,What is retrieval-augmented generation and how does it work?,6,"As RAG continues to evolve, its modular architecture facilitates the incorporation of external knowledge without necessitating substantial changes to the underlying model architecture [2411.16133v2].",0.0171,reject,uncertain
6,What is retrieval-augmented generation and how does it work?,7,This ongoing development underscores the importance of addressing the inherent challenges in retrieval processes to optimize the generation outcomes [2404.07220v2] [2411.16133v2].,0.1477,escalate,correct
7,How does reranking improve retrieval quality in RAG systems?,1,Reranking improves retrieval quality in Retrieval-Augmented Generation (RAG) systems by enhancing the relevance and coherence of the retrieved documents.,0.0455,reject,correct
7,How does reranking improve retrieval quality in RAG systems?,2,"For instance, the introduction of metacognitive frameworks like MetaRAG allows models to critique and refine their reasoning, which is significantly bolstered by the use of rerankers that optimize the selection of retrieved documents [2411.16133v2].",0.3065,approve,hallucinated
7,How does reranking improve retrieval quality in RAG systems?,3,"Additionally, the Blended RAG method employs hybrid query strategies and semantic search techniques to achieve better retrieval results, demonstrating that effective reranking can set new benchmarks in information retrieval [2404.07220v2].",0.129,escalate,correct
7,How does reranking improve retrieval quality in RAG systems?,4,"Furthermore, the HeteRAG framework decouples the representations of knowledge chunks for retrieval and generation, which can lead to improved effectiveness and efficiency through better reranking of relevant information [2406.13249v2].",0.4691,approve,hallucinated
7,How does reranking improve retrieval quality in RAG systems?,5,"By addressing the challenges of redundancy and ordering in retrieved chunks, reranking strategies can ensure that only the most pertinent information is presented to the language model, thereby enhancing overall performance [2406.16167v1].",0.7151,approve,hallucinated
7,How does reranking improve retrieval quality in RAG systems?,6,"Overall, these advancements in reranking contribute to a more robust and accurate retrieval process within RAG systems, ultimately leading to higher quality outputs [2411.16133v2] [2406.16167v1].",0.3678,approve,hallucinated
8,What role does query expansion play in information retrieval?,1,Query expansion is essential in information retrieval as it enhances the precision and recall of search results.,0.0919,escalate,correct
8,What role does query expansion play in information retrieval?,2,"Research indicates that query expansion consistently outperforms a baseline without expansion, demonstrating its value in improving retrieval outcomes [2406.16013v3].",0.0406,reject,correct
8,What role does query expansion play in information retrieval?,3,"By augmenting the original query with additional metadata or user-related features, systems can address the limitations posed by short user queries that might not fully express the information need [2202.00373v2].",0.0228,reject,hallucinated
8,What role does query expansion play in information retrieval?,4,"Moreover, the variability in user-generated queries highlights the necessity for robust retrieval mechanisms, as traditional models can struggle with minor changes in queries [2504.10529v1] [2603.01417v1].",0.2121,escalate,uncertain
8,What role does query expansion play in information retrieval?,5,"Incorporating feedback mechanisms and context-sensitive query rewrites can further refine the query, aligning it more closely with the stylistic and semantic characteristics of relevant documents [2504.10529v1].",0.3129,approve,hallucinated
8,What role does query expansion play in information retrieval?,6,"Overall, these methods underscore the significant role of query expansion in tailoring search processes to better meet user intents and enhance the effectiveness of retrieval systems [2406.16013v3] [2202.00373v2].",0.3483,approve,uncertain
9,How do embedding models represent semantic similarity between text passages?,1,"Embedding models represent semantic similarity between text passages by establishing a joint embedding space that allows for consistent representations of text, which is crucial for computing similarity scores effectively [2403.17998v1].",0.0401,reject,uncertain
9,How do embedding models represent semantic similarity between text passages?,2,"For instance, the T-MASS method enriches text embeddings by modeling them as stochastic embeddings, which enhances their semantic range and improves retrieval accuracy [2403.17998v1].",0.4321,approve,correct
9,How do embedding models represent semantic similarity between text passages?,3,"Additionally, approaches like Poly-Vector Retrieval assign multiple distinct embeddings to capture both content and reference, thereby addressing the challenges of traditional methods that rely solely on semantic embeddings [2507.18518v2].",0.2446,escalate,hallucinated
9,How do embedding models represent semantic similarity between text passages?,4,"Furthermore, generative models have been shown to capture nuanced semantic information, leading to improved similarity search results in specific domains, such as biomedicine [2606.21535v1].",0.6902,approve,hallucinated
9,How do embedding models represent semantic similarity between text passages?,5,"Wave-Based Semantic Memory introduces a novel framework that utilizes wave patterns to represent knowledge, allowing for more expressive semantic similarity through resonance-based retrieval [1802.06466v1].",0.0303,reject,hallucinated
9,How do embedding models represent semantic similarity between text passages?,6,"This method preserves both amplitude and phase information, which enhances the model's ability to handle complex semantic relationships [1802.06466v1].",0.3363,approve,hallucinated
9,How do embedding models represent semantic similarity between text passages?,7,"Overall, these diverse approaches highlight the evolving strategies in embedding models to effectively represent and retrieve semantically similar text passages [2403.17998v1] [2507.18518v2] [2606.21535v1] [1802.06466v1].",0.5634,approve,hallucinated
10,What is self-consistency decoding for language models?,1,"Self-consistency decoding is a strategy that enhances the performance of language models by sampling multiple reasoning paths before selecting the most consistent answer, rather than depending solely on the greedy decoding approach [2311.01740v2].",0.0948,escalate,hallucinated
10,What is self-consistency decoding for language models?,2,"This method is rooted in the understanding that complex reasoning tasks may have multiple valid approaches, each converging on the correct solution [2311.01740v2].",0.0076,reject,hallucinated
10,What is self-consistency decoding for language models?,3,"Empirical evaluations indicate that this approach significantly boosts performance on various arithmetic and commonsense reasoning benchmarks, highlighting its effectiveness [2311.01740v2].",0.4872,approve,hallucinated
10,What is self-consistency decoding for language models?,4,"Moreover, self-consistency has been shown to integrate well with other methodologies, such as diffusion models, which can further improve reasoning capabilities and self-correction in these systems [2403.15450v1].",0.4572,approve,hallucinated
10,What is self-consistency decoding for language models?,5,"The focus on consistency also opens avenues for detecting hallucinations in language models, as it underscores the importance of verifying responses against multiple generated outputs [2203.11171v4].",0.3111,approve,correct
10,What is self-consistency decoding for language models?,6,"Thus, self-consistency can be seen as a critical component in the development of more reliable and robust language modeling techniques [2311.01740v2] [2203.11171v4].",0.2895,approve,correct
